
INSERT INTO Заявка (Код, "01.03.04", "09.03.02", "09.03.03", "14.03.02", "38.03.05") VALUES
(101, 203, 102, 101, 204, 209),
(102, 102, 203, 209, 204, 101),
(103, 101, 205, 102, 101, 209);

INSERT INTO ЗавКафедрой (Таб_номер, Стаж) VALUES
(101, 15),
(201, 18),
(301, 20),
(401, 18),
(501, 10),
(601, 8);

INSERT INTO Инженер (Таб_номер, Специальность) VALUES
(153, 'электроник'),
(241, 'электроник'),
(242, 'программист'),
(435, 'электроник'),
(614, 'программист');

INSERT INTO Преподаватель (Таб_номер, Звание, Степень) VALUES
(101, 'профессор', 'д.т.н.'),
(102, 'доцент', 'к.ф.-м.н.'),
(105, 'доцент', 'к.т.н.'),
(201, 'профессор', 'д.ф.-м.н.'),
(301, 'доцент', 'к.т.н.'),
(302, 'доцент', 'к.т.н.'),
(401, 'профессор', 'д.т.н.'),
(402, 'доцент', 'к.т.н.'),
(403, 'ассистент', NULL),
(501, 'профессор', 'д.ф.-м.н.'),
(502, 'доцент', 'к.т.н.'),
(601, 'профессор', 'д.ф.-м.н.');

INSERT INTO Студент (Рег_номер, Номер, Фамилия) VALUES
(10101, '09.03.03', 'Николаева Н. Н.'),
(10102, '09.03.03', 'Иванов И. И.'),
(10103, '09.03.03', 'Крюков К. К.'),
(20101, '09.03.02', 'Андреев А. А.'),
(20102, '09.03.02', 'Федоров Ф. Ф.'),
(30101, '14.03.02', 'Володаренко Б. Б.'),
(30102, '14.03.02', 'Цветков К. К.'),
(30103, '14.03.02', 'Петров П. П.'),
(50101, '01.03.04', 'Сергеев С. С.'),
(50102, '01.03.04', 'Курдяжев К. К.'),
(80101, '38.03.05', 'Макаров М. М.'),
(80102, '38.03.05', 'Яковлев Я. Я.');

INSERT INTO Экзамен (Дата, Код, Рег_номер, Таб_номер, Аудитория, Оценка) VALUES
('2015-06-05', 102, 10101, 102, 'т505', 4),
('2015-06-05', 102, 10102, 102, 'т505', 3),
('2015-06-05', 202, 20101, 202, 'т506', 4),
('2015-06-07', 102, 30101, 105, 'ф419', 3),
('2015-06-07', 102, 30102, 105, 'ф419', 3),
('2015-06-07', 102, 30103, 105, 'ф419', 4),
('2015-06-09', 209, 50101, 302, 'ф413', 3),
('2015-06-09', 209, 50102, 302, 'ф413', 4),
('2015-06-10', 101, 60101, 501, 'ф409', 3),
('2015-06-10', 101, 60102, 501, 'ф409', 4),
('2015-06-12', 102, 10101, 102, 'т505', 5),
('2015-06-12', 102, 10102, 102, 'т505', 4),
('2015-06-15', 204, 30102, 403, 'ф414', 3),
('2015-06-15', 204, 30103, 403, 'ф414', 4),
('2015-06-17', 102, 10101, 102, 'т505', 5);
